x_mm,y_mm,z_mm,slice_idx
-124.0839,-56.0860,12.9013,13
-124.9312,-55.2625,13.1858,13
-127.4732,-55.3342,13.6098,13
-128.3206,-54.5107,13.8943,13
-129.1679,-54.5346,14.0357,13
-130.0152,-53.7111,14.3202,13
-130.8626,-53.7350,14.4615,13
-134.2519,-50.4411,15.5996,13
-135.0993,-50.4650,15.7410,13
-138.4886,-47.1711,16.8791,13
-138.4886,-46.3237,17.0223,13
-139.3359,-45.5003,17.3068,13
-139.3359,-43.8055,17.5932,13
-140.1833,-42.9821,17.8778,13
-140.1833,-42.1347,18.0210,13
-141.0306,-41.3112,18.3055,13
-141.0306,-39.6165,18.5919,13
-141.8780,-38.7930,18.8764,13
-141.8780,-37.0983,19.1628,13
-141.0306,-36.2271,19.1647,13
-141.0306,-34.5323,19.4511,13
-140.1833,-33.6611,19.4530,13
-140.1833,-31.9664,19.7394,13
-139.3359,-31.0951,19.7413,13
-139.3359,-29.4004,20.0277,13
-138.4886,-28.5292,20.0295,13
-138.4886,-25.9871,20.4591,13
-137.6413,-25.1158,20.4610,13
-137.6413,-23.4211,20.7474,13
-136.7939,-22.5499,20.7493,13
-136.7939,-20.0078,21.1789,13
-135.9466,-19.1366,21.1807,13
-135.9466,-17.4418,21.4671,13
-135.0993,-16.5706,21.4690,13
-135.0993,-15.7232,21.6122,13
-134.2519,-14.8520,21.6141,13
-134.2519,-14.0046,21.7573,13
-128.3206,-7.9059,21.7704,13
-126.6259,-7.8581,21.4877,13
-125.7785,-6.9869,21.4896,13
-124.0839,-6.9391,21.2069,13
-123.2365,-6.0679,21.2088,13
-116.4578,-5.8768,20.0781,13
-115.6105,-6.7003,19.7936,13
-113.9158,-6.6525,19.5109,13
-113.0685,-7.4760,19.2264,13
-111.3738,-7.4282,18.9438,13
-106.2898,-12.3691,17.2366,13
-105.4425,-12.3452,17.0952,13
-100.3584,-17.2860,15.3880,13
-100.3584,-18.1334,15.2448,13
-99.5111,-18.9569,14.9603,13
-99.5111,-19.8042,14.8171,13
-98.6638,-20.6277,14.5326,13
-98.6638,-24.0172,13.9598,13
-97.8164,-24.8406,13.6752,13
-97.8164,-27.3827,13.2456,13
-98.6638,-28.2540,13.2438,13
-98.6638,-31.6434,12.6709,13
-103.7478,-36.8709,12.6597,13
-103.7478,-38.5656,12.3733,13
-104.5951,-39.4368,12.3715,13
-104.5951,-40.2842,12.2283,13
-107.9845,-43.7692,12.2208,13
-108.8318,-43.7930,12.3621,13
-115.6105,-50.7630,12.3472,13
-115.6105,-51.6104,12.2040,13
-119.8472,-55.9666,12.1946,13
-117.1584,-56.0283,7.4028,14
-118.0057,-55.2049,7.6873,14
-123.9371,-55.3721,8.6767,14
-124.7844,-54.5486,8.9612,14
-127.3264,-54.6202,9.3852,14
-128.1737,-53.7968,9.6697,14
-129.0211,-53.8207,9.8111,14
-129.8684,-52.9972,10.0956,14
-131.5631,-53.0449,10.3782,14
-132.4104,-52.2215,10.6628,14
-133.2578,-52.2454,10.8041,14
-134.9524,-50.5984,11.3732,14
-135.7998,-50.6223,11.5145,14
-139.1891,-47.3284,12.6526,14
-139.1891,-46.4810,12.7958,14
-140.8838,-44.8341,13.3649,14
-140.8838,-43.9867,13.5081,14
-142.5785,-42.3398,14.0772,14
-142.5785,-41.4924,14.2204,14
-143.4258,-40.6689,14.5049,14
-143.4258,-32.1953,15.9369,14
-142.5785,-31.3241,15.9388,14
-142.5785,-30.4767,16.0820,14
-141.7311,-29.6055,16.0839,14
-141.7311,-28.7581,16.2271,14
-140.0365,-27.0156,16.2308,14
-140.0365,-25.3209,16.5172,14
-139.1891,-24.4497,16.5191,14
-139.1891,-23.6023,16.6623,14
-138.3418,-22.7311,16.6641,14
-138.3418,-21.0363,16.9505,14
-137.4945,-20.1651,16.9524,14
-137.4945,-16.7757,17.5252,14
-136.6471,-15.9044,17.5271,14
-136.6471,-14.2097,17.8135,14
-135.7998,-13.3385,17.8154,14
-135.7998,-12.4911,17.9586,14
-134.1051,-10.7486,17.9623,14
-134.1051,-9.9012,18.1055,14
-131.5631,-7.2875,18.1111,14
-130.7158,-7.2636,17.9698,14
-129.8684,-6.3924,17.9716,14
-129.0211,-6.3685,17.8303,14
-128.1737,-5.4973,17.8322,14
-127.3264,-5.4734,17.6908,14
-126.4791,-4.6021,17.6927,14
-123.0897,-4.5066,17.1274,14
-122.2424,-3.6353,17.1293,14
-118.8530,-3.5398,16.5639,14
-118.0057,-4.3633,16.2794,14
-116.3110,-4.3155,15.9967,14
-115.4637,-5.1390,15.7122,14
-113.7690,-5.0912,15.4295,14
-112.9217,-5.9147,15.1450,14
-111.2270,-5.8669,14.8623,14
-109.5323,-7.5139,14.2933,14
-108.6850,-7.4900,14.1520,14
-106.9903,-9.1369,13.5829,14
-106.1430,-9.1131,13.4416,14
-101.0590,-14.0539,11.7344,14
-101.0590,-15.7486,11.4480,14
-99.3643,-17.3956,10.8789,14
-99.3643,-19.0903,10.5925,14
-98.5169,-19.9138,10.3080,14
-98.5169,-28.3874,8.8760,14
-99.3643,-29.2586,8.8741,14
-99.3643,-30.9533,8.5877,14
-102.7536,-34.4383,8.5802,14
-102.7536,-35.2857,8.4370,14
-103.6010,-36.1569,8.4351,14
-102.7536,-36.9804,8.1506,14
-102.7536,-38.6751,7.8642,14
-103.6010,-39.5464,7.8623,14
-103.6010,-40.3937,7.7191,14
-107.8377,-44.7499,7.7098,14
-109.5323,-44.7977,7.9924,14
-110.3797,-45.6690,7.9906,14
-112.0743,-45.7167,8.2732,14
-114.6163,-48.3305,8.2676,14
-113.7690,-49.1539,7.9831,14
-114.6163,-50.0252,7.9812,14
-114.6163,-50.8725,7.8380,14
-115.4637,-51.7438,7.8362,14
-115.4637,-54.2859,7.4065,14
-125.4849,-53.8585,4.8779,15
-126.3322,-53.0351,5.1625,15
-128.8743,-53.1067,5.5865,15
-129.7216,-52.2832,5.8710,15
-131.4163,-52.3310,6.1536,15
-132.2636,-51.5075,6.4382,15
-133.1109,-51.5314,6.5795,15
-133.9583,-50.7079,6.8640,15
-134.8056,-50.7318,7.0054,15
-141.5843,-44.1440,9.2816,15
-141.5843,-43.2967,9.4248,15
-144.1263,-40.8262,10.2784,15
-144.1263,-39.9789,10.4216,15
-144.9737,-39.1554,10.7062,15
-144.9737,-37.4607,10.9926,15
-145.8210,-36.6372,11.2771,15
-145.8210,-35.7898,11.4203,15
-144.1263,-34.0474,11.4240,15
-144.1263,-28.9632,12.2832,15
-143.2790,-28.0919,12.2851,15
-143.2790,-27.2446,12.4283,15
-141.5843,-25.5021,12.4321,15
-141.5843,-24.6547,12.5753,15
-138.1950,-21.1698,12.5827,15
-138.1950,-19.4750,12.8691,15
-137.3476,-18.6038,12.8710,15
-137.3476,-17.7564,13.0142,15
-136.5003,-16.8852,13.0161,15
-136.5003,-12.6484,13.7321,15
-135.6530,-11.7771,13.7340,15
-135.6530,-10.9298,13.8772,15
-134.8056,-10.0585,13.8790,15
-134.8056,-9.2112,14.0222,15
-131.4163,-5.7262,14.0297,15
-130.5689,-5.7023,13.8884,15
-129.7216,-4.8311,13.8902,15
-128.8743,-4.8072,13.7489,15
-128.0269,-3.9359,13.7508,15
-125.4849,-3.8643,13.3268,15
-124.6376,-2.9930,13.3287,15
-117.8589,-2.8020,12.1980,15
-117.0115,-3.6254,11.9135,15
-115.3169,-3.5777,11.6308,15
-114.4695,-4.4012,11.3463,15
-112.7749,-4.3534,11.0636,15
-111.9275,-5.1769,10.7791,15
-111.0802,-5.1530,10.6378,15
-110.2328,-5.9765,10.3532,15
-109.3855,-5.9526,10.2119,15
-101.7595,-13.3638,7.6511,15
-101.7595,-15.0586,7.3647,15
-100.0648,-16.7055,6.7956,15
-100.0648,-18.4002,6.5092,15
-99.2175,-19.2237,6.2247,15
-99.2175,-23.4605,5.5087,15
-100.0648,-24.3318,5.5068,15
-100.0648,-27.7212,4.9340,15
-100.9121,-28.5924,4.9321,15
-100.9121,-31.1345,4.5025,15
-102.6068,-32.8770,4.4988,15
-102.6068,-35.4191,4.0692,15
-101.7595,-36.2426,3.7847,15
-101.7595,-37.0899,3.6415,15
-102.6068,-37.9612,3.6396,15
-102.6068,-38.8085,3.4964,15
-103.4541,-39.6798,3.4945,15
-103.4541,-41.3745,3.2081,15
-105.1488,-43.1170,3.2044,15
-105.1488,-43.9643,3.0612,15
-105.9962,-44.8356,3.0593,15
-105.9962,-45.6829,2.9161,15
-109.3855,-49.1679,2.9086,15
-110.2328,-49.1918,3.0500,15
-111.0802,-50.0631,3.0481,15
-113.6222,-50.1347,3.4721,15
-114.4695,-49.3112,3.7566,15
-115.3169,-49.3351,3.8980,15
-119.5536,-53.6913,3.8886,15
-128.7274,-52.3928,1.3618,16
-129.5748,-51.5693,1.6464,16
-131.2695,-51.6171,1.9290,16
-132.1168,-50.7936,2.2136,16
-132.9641,-50.8175,2.3549,16
-133.8115,-49.9940,2.6394,16
-134.6588,-50.0179,2.7808,16
-135.5061,-49.1944,3.0653,16
-136.3535,-49.2183,3.2066,16
-138.8955,-46.7479,4.0602,16
-138.8955,-45.9005,4.2034,16
-143.1322,-41.7831,5.6261,16
-143.1322,-40.9358,5.7693,16
-145.6742,-38.4653,6.6229,16
-145.6742,-37.6180,6.7661,16
-146.5215,-36.7945,7.0506,16
-146.5215,-31.7103,7.9098,16
-145.6742,-30.8391,7.9117,16
-145.6742,-29.1444,8.1981,16
-143.9795,-27.4019,8.2018,16
-143.9795,-26.5545,8.3450,16
-140.5902,-23.0696,8.3525,16
-140.5902,-22.2222,8.4957,16
-138.0482,-19.6085,8.5013,16
-138.0482,-17.9137,8.7877,16
-135.5061,-15.3000,8.7933,16
-135.5061,-9.3685,9.7958,16
-133.8115,-7.6260,9.7995,16
-133.8115,-6.7786,9.9427,16
-132.1168,-5.0361,9.9464,16
-131.2695,-5.0123,9.8051,16
-130.4221,-4.1410,9.8070,16
-129.5748,-4.1171,9.6656,16
-128.7274,-3.2459,9.6675,16
-127.0328,-3.1981,9.3848,16
-126.1854,-2.3269,9.3867,16
-120.2541,-2.1597,8.3974,16
-119.4067,-2.9832,8.1129,16
-117.7121,-2.9354,7.8302,16
-116.8647,-3.7589,7.5457,16
-114.3227,-3.6872,7.1217,16
-113.4754,-4.5107,6.8371,16
-112.6280,-4.4868,6.6958,16
-111.7807,-5.3103,6.4113,16
-110.9334,-5.2864,6.2699,16
-109.2387,-6.9333,5.7009,16
-108.3914,-6.9095,5.5596,16
-103.3073,-11.8503,3.8524,16
-103.3073,-12.6977,3.7092,16
-102.4600,-13.5211,3.4246,16
-102.4600,-15.2159,3.1382,16
-101.6127,-16.0393,2.8537,16
-101.6127,-18.5814,2.4241,16
-100.7653,-19.4049,2.1396,16
-100.7653,-21.0996,1.8532,16
-101.6127,-21.9709,1.8513,16
-101.6127,-28.7497,0.7057,16
-102.4600,-29.6210,0.7038,16
-102.4600,-30.4683,0.5606,16
-101.6127,-31.2918,0.2761,16
-101.6127,-33.8339,-0.1535,16
-102.4600,-34.7051,-0.1554,16
-102.4600,-37.2472,-0.5850,16
-103.3073,-38.1185,-0.5869,16
-103.3073,-44.0500,-1.5893,16
-106.6967,-47.5350,-1.5968,16
-107.5440,-47.5589,-1.4554,16
-108.3914,-48.4301,-1.4573,16
-109.2387,-48.4540,-1.3160,16
-110.0860,-49.3252,-1.3178,16
-110.9334,-49.3491,-1.1765,16
-111.7807,-50.2204,-1.1784,16
-112.6280,-49.3969,-0.8938,16
-113.4754,-49.4208,-0.7525,16
-116.0174,-46.9503,0.1011,16
-116.8647,-46.9742,0.2424,16
-121.9487,-52.2017,0.2312,16
-126.8860,-50.7837,-3.0022,17
-127.7333,-49.9602,-2.7177,17
-131.1226,-50.0558,-2.1524,17
-131.9700,-49.2323,-1.8678,17
-132.8173,-49.2562,-1.7265,17
-133.6646,-48.4327,-1.4420,17
-134.5120,-48.4566,-1.3006,17
-135.3593,-47.6331,-1.0161,17
-136.2067,-47.6570,-0.8748,17
-139.5960,-44.3631,0.2634,17
-139.5960,-43.5157,0.4066,17
-141.2907,-41.8688,0.9756,17
-141.2907,-41.0214,1.1188,17
-143.8327,-38.5510,1.9724,17
-143.8327,-37.7036,2.1156,17
-144.6800,-36.8801,2.4002,17
-144.6800,-34.3381,2.8298,17
-145.5274,-33.5146,3.1143,17
-145.5274,-31.8199,3.4007,17
-144.6800,-30.9486,3.4026,17
-144.6800,-29.2539,3.6890,17
-142.9854,-27.5114,3.6927,17
-142.9854,-26.6641,3.8359,17
-140.4433,-24.0503,3.8415,17
-140.4433,-23.2030,3.9847,17
-137.0540,-19.7180,3.9922,17
-137.0540,-18.8706,4.1354,17
-136.2067,-17.9994,4.1373,17
-136.2067,-16.3047,4.4237,17
-134.5120,-14.5622,4.4274,17
-134.5120,-12.8675,4.7138,17
-133.6646,-11.9962,4.7157,17
-133.6646,-11.1489,4.8589,17
-132.8173,-10.2776,4.8608,17
-132.8173,-8.5829,5.1472,17
-131.1226,-6.8404,5.1509,17
-131.1226,-5.9930,5.2941,17
-129.4280,-4.2505,5.2978,17
-128.5806,-4.2267,5.1565,17
-127.7333,-3.3554,5.1584,17
-122.6493,-3.2121,4.3104,17
-121.8019,-2.3409,4.3123,17
-120.9546,-2.3170,4.1709,17
-120.1073,-1.4457,4.1728,17
-119.2599,-2.2692,3.8883,17
-118.4126,-2.2453,3.7469,17
-117.5652,-3.0688,3.4624,17
-115.8706,-3.0210,3.1797,17
-114.1759,-4.6680,2.6107,17
-113.3286,-4.6441,2.4693,17
-112.4812,-5.4676,2.1848,17
-111.6339,-5.4437,2.0435,17
-109.9392,-7.0906,1.4744,17
-109.0919,-7.0668,1.3331,17
-104.8552,-11.1841,-0.0896,17
-104.8552,-12.0315,-0.2328,17
-103.1605,-13.6784,-0.8018,17
-103.1605,-17.0679,-1.3747,17
-102.3132,-17.8914,-1.6592,17
-102.3132,-19.5861,-1.9456,17
-103.1605,-20.4573,-1.9475,17
-102.3132,-21.2808,-2.2320,17
-103.1605,-22.1520,-2.2339,17
-103.1605,-22.9994,-2.3771,17
-104.8552,-24.7419,-2.3808,17
-104.8552,-27.2840,-2.8104,17
-104.0078,-28.1075,-3.0949,17
-104.0078,-30.6495,-3.5245,17
-103.1605,-31.4730,-3.8091,17
-103.1605,-33.1677,-4.0955,17
-104.0078,-34.0390,-4.0973,17
-104.0078,-37.4284,-4.6701,17
-103.1605,-38.2519,-4.9547,17
-103.1605,-41.6413,-5.5275,17
-105.7025,-44.2551,-5.5331,17
-106.5499,-44.2789,-5.3918,17
-107.3972,-45.1502,-5.3936,17
-109.0919,-45.1980,-5.1110,17
-109.9392,-46.0692,-5.1128,17
-110.7865,-46.0931,-4.9715,17
-111.6339,-46.9643,-4.9734,17
-112.4812,-46.9882,-4.8320,17
-114.1759,-45.3413,-4.2630,17
-118.4126,-45.4607,-3.5563,17
-122.6493,-49.8169,-3.5657,17
-124.3439,-49.8647,-3.2830,17
-125.1913,-50.7359,-3.2849,17
-118.2658,-48.1362,-8.3537,18
-119.1131,-47.3127,-8.0692,18
-132.6705,-47.6949,-5.8079,18
-133.5178,-46.8714,-5.5234,18
-134.3652,-46.8953,-5.3820,18
-136.0598,-45.2483,-4.8130,18
-136.9072,-45.2722,-4.6716,18
-141.1439,-41.1548,-3.2490,18
-141.1439,-40.3075,-3.1058,18
-141.9912,-39.4840,-2.8212,18
-141.9912,-38.6366,-2.6780,18
-142.8385,-37.8132,-2.3935,18
-142.8385,-36.9658,-2.2503,18
-143.6859,-36.1423,-1.9658,18
-143.6859,-34.4476,-1.6794,18
-144.5332,-33.6241,-1.3948,18
-144.5332,-30.2347,-0.8220,18
-143.6859,-29.3634,-0.8202,18
-143.6859,-27.6687,-0.5338,18
-142.8385,-26.7975,-0.5319,18
-142.8385,-25.9501,-0.3887,18
-140.2965,-23.3364,-0.3831,18
-140.2965,-22.4890,-0.2399,18
-137.7545,-19.8753,-0.2343,18
-137.7545,-19.0279,-0.0911,18
-135.2125,-16.4142,-0.0855,18
-135.2125,-15.5668,0.0577,18
-134.3652,-14.6956,0.0596,18
-134.3652,-13.0009,0.3460,18
-130.9758,-9.5159,0.3535,18
-130.1285,-9.4920,0.2122,18
-128.4338,-7.7495,0.2159,18
-127.5865,-7.7256,0.0746,18
-126.7391,-6.8544,0.0764,18
-124.1971,-6.7827,-0.3476,18
-123.3498,-5.9115,-0.3457,18
-122.5025,-5.8876,-0.4870,18
-121.6551,-6.7111,-0.7716,18
-120.8078,-6.6872,-0.9129,18
-119.9604,-5.8160,-0.9110,18
-119.1131,-5.7921,-1.0523,18
-118.2658,-6.6155,-1.3369,18
-117.4184,-6.5917,-1.4782,18
-116.5711,-7.4151,-1.7627,18
-114.8764,-7.3674,-2.0454,18
-111.4871,-10.6613,-3.1835,18
-111.4871,-11.5086,-3.3267,18
-108.9451,-13.9791,-4.1803,18
-108.9451,-25.8421,-6.1851,18
-107.2504,-27.4890,-6.7542,18
-107.2504,-28.3364,-6.8974,18
-105.5557,-29.9834,-7.4665,18
-105.5557,-35.9149,-8.4689,18
-104.7084,-36.7384,-8.7534,18
-104.7084,-38.4331,-9.0398,18
-103.8610,-39.2565,-9.3244,18
-105.5557,-40.9990,-9.3281,18
-106.4030,-41.0229,-9.1868,18
-107.2504,-41.8942,-9.1886,18
-108.0977,-41.9180,-9.0473,18
-108.9451,-42.7893,-9.0492,18
-109.7924,-42.8132,-8.9078,18
-113.1817,-46.2982,-8.9153,18
-114.8764,-46.3459,-8.6327,18
-116.5711,-48.0884,-8.6364,18
-135.6194,-41.4118,-17.2004,21
-136.4667,-40.5883,-16.9158,21
-137.3141,-40.6122,-16.7745,21
-139.0087,-38.9652,-16.2054,21
-139.8561,-38.9891,-16.0641,21
-142.3981,-36.5187,-15.2105,21
-142.3981,-35.6713,-15.0673,21
-143.2454,-34.8478,-14.7828,21
-143.2454,-34.0005,-14.6396,21
-144.9401,-32.3535,-14.0705,21
-144.9401,-30.6588,-13.7841,21
-145.7874,-29.8353,-13.4996,21
-145.7874,-23.9038,-12.4972,21
-144.9401,-23.0326,-12.4953,21
-144.9401,-22.1852,-12.3521,21
-142.3981,-19.5715,-12.3465,21
-142.3981,-18.7241,-12.2033,21
-140.7034,-16.9816,-12.1995,21
-139.8561,-16.9578,-12.3409,21
-137.3141,-14.3440,-12.3353,21
-136.4667,-14.3201,-12.4766,21
-135.6194,-13.4489,-12.4747,21
-130.5354,-13.3056,-13.3227,21
-129.6880,-14.1291,-13.6073,21
-127.9934,-14.0813,-13.8899,21
-127.1460,-14.9048,-14.1744,21
-126.2987,-14.8809,-14.3158,21
-123.7567,-17.3513,-15.1694,21
-123.7567,-18.1987,-15.3126,21
-122.9093,-19.0221,-15.5971,21
-122.9093,-19.8695,-15.7403,21
-122.0620,-20.6930,-16.0248,21
-122.0620,-22.3877,-16.3112,21
-119.5200,-24.8581,-17.1648,21
-119.5200,-27.4002,-17.5944,21
-118.6726,-28.2237,-17.8790,21
-118.6726,-29.9184,-18.1654,21
-119.5200,-30.7896,-18.1672,21
-119.5200,-32.4844,-18.4537,21
-121.2147,-34.2269,-18.4574,21
-124.6040,-34.3224,-17.8921,21
-125.4513,-35.1936,-17.8939,21
-126.2987,-35.2175,-17.7526,21
-128.8407,-37.8313,-17.7582,21
-128.8407,-38.6786,-17.9014,21
-131.3827,-41.2923,-17.9070,21
-137.1672,-39.0509,-20.8559,22
-138.0146,-38.2274,-20.5714,22
-138.8619,-38.2513,-20.4300,22
-139.7093,-37.4278,-20.1455,22
-140.5566,-37.4517,-20.0042,22
-143.0986,-34.9813,-19.1506,22
-143.0986,-34.1339,-19.0074,22
-144.7933,-32.4870,-18.4383,22
-144.7933,-31.6396,-18.2951,22
-145.6406,-30.8161,-18.0106,22
-145.6406,-29.9688,-17.8674,22
-146.4880,-29.1453,-17.5828,22
-146.4880,-21.5190,-16.2940,22
-144.7933,-19.7766,-16.2903,22
-144.7933,-18.9292,-16.1471,22
-141.4039,-15.4442,-16.1396,22
-140.5566,-15.4203,-16.2809,22
-139.7093,-14.5491,-16.2791,22
-138.8619,-14.5252,-16.4204,22
-138.0146,-13.6540,-16.4185,22
-131.2359,-13.4629,-17.5492,22
-130.3885,-14.2864,-17.8337,22
-129.5412,-14.2625,-17.9751,22
-125.3045,-18.3799,-19.3977,22
-125.3045,-20.0746,-19.6841,22
-124.4572,-20.8980,-19.9686,22
-124.4572,-21.7454,-20.1119,22
-123.6098,-22.5689,-20.3964,22
-123.6098,-23.4162,-20.5396,22
-122.7625,-24.2397,-20.8241,22
-122.7625,-30.1712,-21.8265,22
-125.3045,-32.7850,-21.8321,22
-126.9992,-32.8327,-21.5495,22
-127.8465,-33.7040,-21.5513,22
-128.6939,-33.7279,-21.4100,22
-131.2359,-36.3416,-21.4156,22
-131.2359,-37.1890,-21.5588,22
-132.9306,-38.9315,-21.5626,22
-135.3258,-38.2892,-25.3632,23
-136.1731,-37.4657,-25.0786,23
-138.7151,-37.5373,-24.6546,23
-139.5624,-36.7139,-24.3701,23
-140.4098,-36.7377,-24.2288,23
-146.3411,-30.9734,-22.2370,23
-146.3411,-30.1261,-22.0938,23
-147.1885,-29.3026,-21.8093,23
-147.1885,-27.6079,-21.5229,23
-148.0358,-26.7844,-21.2384,23
-148.0358,-20.8529,-20.2360,23
-147.1885,-19.9816,-20.2341,23
-147.1885,-19.1343,-20.0909,23
-142.1045,-13.9068,-20.0797,23
-138.7151,-13.8113,-20.6450,23
-137.8678,-12.9400,-20.6431,23
-134.4784,-12.8445,-21.2085,23
-133.6311,-13.6680,-21.4930,23
-132.7837,-13.6441,-21.6343,23
-131.9364,-14.4675,-21.9189,23
-131.0891,-14.4437,-22.0602,23
-127.6997,-17.7376,-23.1983,23
-127.6997,-18.5849,-23.3415,23
-126.0050,-20.2319,-23.9106,23
-126.0050,-21.9266,-24.1970,23
-125.1577,-22.7501,-24.4815,23
-125.1577,-23.5974,-24.6247,23
-124.3104,-24.4209,-24.9093,23
-124.3104,-25.2683,-25.0525,23
-125.1577,-26.1395,-25.0543,23
-125.1577,-26.9869,-25.1975,23
-126.0050,-27.8581,-25.1994,23
-126.0050,-29.5528,-25.4858,23
-127.6997,-31.2953,-25.4895,23
-129.3944,-31.3431,-25.2069,23
-131.9364,-33.9568,-25.2125,23
-131.9364,-34.8042,-25.3557,23
-140.2630,-36.8712,-28.5966,24
-141.1103,-36.0477,-28.3120,24
-141.9576,-36.0716,-28.1707,24
-147.8890,-30.3072,-26.1790,24
-147.8890,-29.4599,-26.0358,24
-148.7363,-28.6364,-25.7513,24
-148.7363,-27.7891,-25.6081,24
-149.5837,-26.9656,-25.3235,24
-149.5837,-19.3393,-24.0347,24
-148.7363,-18.4681,-24.0328,24
-148.7363,-17.6207,-23.8896,24
-145.3470,-14.1358,-23.8822,24
-143.6523,-14.0880,-24.1648,24
-142.8050,-13.2167,-24.1630,24
-141.1103,-13.1690,-24.4456,24
-140.2630,-12.2977,-24.4437,24
-135.1789,-12.1544,-25.2917,24
-134.3316,-12.9779,-25.5763,24
-133.4843,-12.9540,-25.7176,24
-128.4002,-17.8949,-27.4248,24
-128.4002,-18.7422,-27.5680,24
-126.7056,-20.3892,-28.1371,24
-126.7056,-22.0839,-28.4235,24
-125.8582,-22.9074,-28.7080,24
-125.8582,-24.6021,-28.9944,24
-126.7056,-25.4733,-28.9963,24
-126.7056,-26.3207,-29.1395,24
-127.5529,-27.1919,-29.1413,24
-127.5529,-28.0393,-29.2845,24
-132.6369,-33.2668,-29.2958,24
-132.6369,-34.1141,-29.4390,24
-134.3316,-35.8566,-29.4427,24
-135.1789,-35.8805,-29.3014,24
-136.0263,-36.7517,-29.3032,24
-140.1161,-35.3099,-32.6780,25
-140.9635,-34.4864,-32.3934,25
-141.8108,-34.5103,-32.2521,25
-142.6582,-33.6868,-31.9676,25
-143.5055,-33.7107,-31.8262,25
-145.2002,-32.0637,-31.2572,25
-146.0475,-32.0876,-31.1159,25
-148.5895,-29.6172,-30.2623,25
-148.5895,-28.7698,-30.1191,25
-149.4369,-27.9464,-29.8345,25
-149.4369,-27.0990,-29.6913,25
-150.2842,-26.2755,-29.4068,25
-150.2842,-23.7334,-28.9772,25
-151.1315,-22.9100,-28.6927,25
-151.1315,-21.2152,-28.4063,25
-150.2842,-20.3440,-28.4044,25
-150.2842,-16.1072,-27.6884,25
-148.5895,-14.3647,-27.6846,25
-147.7422,-14.3408,-27.8260,25
-146.8948,-13.4696,-27.8241,25
-145.2002,-13.4218,-28.1068,25
-144.3528,-12.5506,-28.1049,25
-136.7268,-12.3356,-29.3769,25
-135.8795,-13.1591,-29.6614,25
-135.0321,-13.1352,-29.8027,25
-129.9481,-18.0760,-31.5099,25
-129.9481,-18.9234,-31.6531,25
-129.1008,-19.7469,-31.9377,25
-129.1008,-20.5942,-32.0809,25
-128.2534,-21.4177,-32.3654,25
-128.2534,-23.1124,-32.6518,25
-129.1008,-23.9837,-32.6537,25
-129.1008,-24.8310,-32.7969,25
-130.7954,-26.5735,-32.8006,25
-130.7954,-27.4209,-32.9438,25
-134.1848,-30.9059,-32.9513,25
-134.1848,-31.7532,-33.0945,25
-137.5741,-35.2382,-33.1020,25
-143.3587,-33.8441,-36.1941,26
-144.2060,-33.0206,-35.9095,26
-145.0533,-33.0445,-35.7682,26
-150.9847,-27.2802,-33.7765,26
-150.9847,-26.4328,-33.6333,26
-151.8320,-25.6093,-33.3487,26
-151.8320,-24.7620,-33.2055,26
-152.6794,-23.9385,-32.9210,26
-152.6794,-16.3123,-31.6322,26
-149.2900,-12.8273,-31.6247,26
-148.4427,-12.8034,-31.7660,26
-147.5954,-11.9322,-31.7642,26
-145.0533,-11.8605,-32.1882,26
-144.2060,-10.9893,-32.1863,26
-141.6640,-10.9176,-32.6103,26
-140.8167,-11.7411,-32.8948,26
-138.2746,-11.6694,-33.3188,26
-137.4273,-12.4929,-33.6033,26
-136.5800,-12.4690,-33.7447,26
-135.7326,-13.2925,-34.0292,26
-134.8853,-13.2686,-34.1705,26
-131.4959,-16.5625,-35.3087,26
-131.4959,-17.4099,-35.4519,26
-130.6486,-18.2333,-35.7364,26
-130.6486,-19.0807,-35.8796,26
-129.8013,-19.9042,-36.1641,26
-129.8013,-22.4463,-36.5937,26
-130.6486,-23.3175,-36.5956,26
-130.6486,-24.1649,-36.7388,26
-136.5800,-30.2636,-36.7519,26
-136.5800,-31.9583,-37.0383,26
-138.2746,-33.7008,-37.0420,26
-142.3645,-33.1063,-40.5600,27
-143.2119,-32.2828,-40.2755,27
-144.9065,-32.3306,-39.9928,27
-145.7539,-31.5071,-39.7083,27
-146.6012,-31.5310,-39.5669,27
-153.3799,-24.9432,-37.2907,27
-153.3799,-24.0958,-37.1475,27
-154.2272,-23.2723,-36.8629,27
-154.2272,-13.9514,-35.2877,27
-152.5326,-12.2089,-35.2840,27
-150.8379,-12.1611,-35.5666,27
-149.9906,-11.2899,-35.5648,27
-149.1432,-11.2660,-35.7061,27
-148.2959,-10.3947,-35.7042,27
-141.5172,-10.2037,-36.8349,27
-140.6698,-11.0271,-37.1194,27
-138.9752,-10.9794,-37.4021,27
-138.1278,-11.8028,-37.6866,27
-137.2805,-11.7790,-37.8279,27
-132.1965,-16.7198,-39.5351,27
-132.1965,-18.4145,-39.8215,27
-131.3491,-19.2380,-40.1061,27
-131.3491,-20.9327,-40.3925,27
-132.1965,-21.8040,-40.3943,27
-132.1965,-22.6513,-40.5375,27
-137.2805,-27.8788,-40.5488,27
-137.2805,-30.4209,-40.9784,27
-139.8225,-33.0346,-40.9840,27
-144.7597,-31.6166,-44.2174,28
-145.6070,-30.7931,-43.9329,28
-147.3017,-30.8409,-43.6502,28
-148.9964,-29.1940,-43.0811,28
-149.8437,-29.2178,-42.9398,28
-152.3857,-26.7474,-42.0862,28
-152.3857,-25.9001,-41.9430,28
-154.9278,-23.4296,-41.0894,28
-154.9278,-21.7349,-40.8030,28
-155.7751,-20.9114,-40.5185,28
-155.7751,-13.2852,-39.2297,28
-154.0804,-11.5427,-39.2259,28
-153.2331,-11.5188,-39.3673,28
-152.3857,-10.6476,-39.3654,28
-151.5384,-10.6237,-39.5067,28
-150.6911,-9.7525,-39.5048,28
-142.2177,-9.5136,-40.9182,28
-141.3704,-10.3371,-41.2027,28
-139.6757,-10.2893,-41.4854,28
-133.7443,-16.0536,-43.4771,28
-133.7443,-17.7484,-43.7635,28
-132.8970,-18.5718,-44.0480,28
-132.8970,-19.4192,-44.1912,28
-133.7443,-20.2904,-44.1931,28
-133.7443,-21.1378,-44.3363,28
-138.8283,-26.3653,-44.3475,28
-138.8283,-29.7547,-44.9203,28
-140.5230,-31.4972,-44.9240,28
-148.0022,-30.1509,-47.7335,29
-148.8496,-29.3274,-47.4489,29
-149.6969,-29.3513,-47.3076,29
-155.6283,-23.5869,-45.3159,29
-155.6283,-22.7396,-45.1727,29
-156.4756,-21.9161,-44.8881,29
-156.4756,-21.0687,-44.7449,29
-157.3229,-20.2453,-44.4604,29
-157.3229,-16.8558,-43.8876,29
-158.1703,-16.0323,-43.6031,29
-157.3229,-15.1611,-43.6012,29
-157.3229,-11.7717,-43.0284,29
-155.6283,-10.0292,-43.0247,29
-154.7809,-10.0053,-43.1660,29
-153.9336,-9.1340,-43.1641,29
-152.2389,-9.0863,-43.4468,29
-151.3916,-8.2150,-43.4449,29
-143.7655,-8.0001,-44.7169,29
-142.9182,-8.8235,-45.0014,29
-142.0709,-8.7997,-45.1428,29
-141.2235,-9.6231,-45.4273,29
-140.3762,-9.5993,-45.5686,29
-136.1395,-13.7166,-46.9913,29
-136.1395,-14.5640,-47.1345,29
-134.4448,-16.2109,-47.7035,29
-134.4448,-18.7530,-48.1332,29
-135.2922,-19.6243,-48.1350,29
-135.2922,-20.4716,-48.2782,29
-140.3762,-25.6991,-48.2894,29
-140.3762,-28.2412,-48.7190,29
-142.0709,-29.9837,-48.7228,29
